case,label,voxel_count,percentage_of_total,total_voxels
word_0002.nii.gz,1,61566526,97.4513105337056,63176704
word_0002.nii.gz,2,1334595,2.1124796254011606,63176704
word_0002.nii.gz,3,269180,0.42607477591740145,63176704
word_0002.nii.gz,4,6403,0.010135064975849326,63176704
word_0003.nii.gz,1,45664742,97.86357665329837,46661632
word_0003.nii.gz,2,858067,1.8389133924848577,46661632
word_0003.nii.gz,3,138234,0.2962476751777563,46661632
word_0003.nii.gz,4,589,0.0012622790390186096,46661632
word_0004.nii.gz,1,50373531,97.54303094699299,51642368
word_0004.nii.gz,2,1047457,2.0282900272892213,51642368
word_0004.nii.gz,3,220690,0.42734291347755393,51642368
word_0004.nii.gz,4,690,0.0013361122402442893,51642368
word_0005.nii.gz,1,48660860,97.69813136050576,49807360
word_0005.nii.gz,2,985176,1.9779727333470394,49807360
word_0005.nii.gz,3,161204,0.3236549778988487,49807360
word_0005.nii.gz,4,120,0.00024092824835526315,49807360
word_0006.nii.gz,1,50230206,97.76174973468392,51380224
word_0006.nii.gz,2,1047151,2.038042885916574,51380224
word_0006.nii.gz,3,102825,0.2001256358866789,51380224
word_0006.nii.gz,4,42,8.174351283482142e-05,51380224
word_0008.nii.gz,1,55788410,98.07184105095226,56885248
word_0008.nii.gz,2,960629,1.6887137417419715,56885248
word_0008.nii.gz,3,135957,0.23900221020395304,56885248
word_0008.nii.gz,4,252,0.0004429971018145161,56885248
word_0009.nii.gz,1,56115069,97.74520560486675,57409536
word_0009.nii.gz,2,1160272,2.0210440300371006,57409536
word_0009.nii.gz,3,134142,0.2336580459385702,57409536
word_0009.nii.gz,4,53,9.231915756992009e-05,57409536
word_0010.nii.gz,1,44102400,97.24699692919076,45350912
word_0010.nii.gz,2,1060915,2.3393465604396226,45350912
word_0010.nii.gz,3,187506,0.4134558528833996,45350912
word_0010.nii.gz,4,91,0.00020065748622651733,45350912
word_0011.nii.gz,1,46627380,97.73040603805374,47710208
word_0011.nii.gz,2,969235,2.031504452883542,47710208
word_0011.nii.gz,3,113568,0.238037109375,47710208
word_0011.nii.gz,4,25,5.239968771462912e-05,47710208
word_0012.nii.gz,1,43580982,97.22120050798382,44826624
word_0012.nii.gz,2,1096021,2.4450224045424434,44826624
word_0012.nii.gz,3,149504,0.333516081871345,44826624
word_0012.nii.gz,4,117,0.0002610056023848684,44826624
word_0013.nii.gz,1,51972915,97.66548607736972,53215232
word_0013.nii.gz,2,1132911,2.1289224107864455,53215232
word_0013.nii.gz,3,109278,0.20535097920835899,53215232
word_0013.nii.gz,4,128,0.0002405326354679803,53215232
word_0018.nii.gz,1,51836524,98.37843102602223,52690944
word_0018.nii.gz,2,782383,1.484852880980838,52690944
word_0018.nii.gz,3,72031,0.13670470584091263,52690944
word_0018.nii.gz,4,6,1.1387156016791045e-05,52690944
word_0020.nii.gz,1,46130031,97.76227951049805,47185920
word_0020.nii.gz,2,933698,1.9787640041775174,47185920
word_0020.nii.gz,3,122149,0.2588674757215712,47185920
word_0020.nii.gz,4,42,8.900960286458333e-05,47185920
word_0022.nii.gz,1,54967355,97.98309290520498,56098816
word_0022.nii.gz,2,1013957,1.8074481286735178,56098816
word_0022.nii.gz,3,117468,0.20939479364412966,56098816
word_0022.nii.gz,4,36,6.41724773656542e-05,56098816
word_0026.nii.gz,1,57068630,97.62311516321293,58458112
word_0026.nii.gz,2,1209658,2.06927312329211,58458112
word_0026.nii.gz,3,179630,0.30727985193911156,58458112
word_0026.nii.gz,4,194,0.0003318615558436099,58458112
word_0027.nii.gz,1,41186206,96.98327617880739,42467328
word_0027.nii.gz,2,1117607,2.631686646261333,42467328
word_0027.nii.gz,3,163450,0.3848841160903742,42467328
word_0027.nii.gz,4,65,0.00015305884090470679,42467328
word_0028.nii.gz,1,48320481,97.52804589649988,49545216
word_0028.nii.gz,2,1094940,2.2099812825520835,49545216
word_0028.nii.gz,3,129748,0.26187795810598546,49545216
word_0028.nii.gz,4,47,9.486284205522487e-05,49545216
word_0029.nii.gz,1,50751898,97.77935683125197,51904512
word_0029.nii.gz,2,1047497,2.0181232028537326,51904512
word_0029.nii.gz,3,105112,0.2025103328203914,51904512
word_0029.nii.gz,4,5,9.633073903093434e-06,51904512
word_0030.nii.gz,1,49773361,97.36938672188,51118080
word_0030.nii.gz,2,1226356,2.3990650666065707,51118080
word_0030.nii.gz,3,118318,0.2314601800380609,51118080
word_0030.nii.gz,4,45,8.803147536057692e-05,51118080
word_0032.nii.gz,1,45791161,97.58626628854421,46923776
word_0032.nii.gz,2,1023594,2.181397336821316,46923776
word_0032.nii.gz,3,109015,0.2323235879397259,46923776
word_0032.nii.gz,4,6,1.2786694745111732e-05,46923776
word_0036.nii.gz,1,47501035,97.42046684347173,48758784
word_0036.nii.gz,2,1151019,2.3606392645066783,48758784
word_0036.nii.gz,3,106580,0.2185862551453293,48758784
word_0036.nii.gz,4,150,0.00030763687626008063,48758784
word_0038.nii.gz,1,49466990,94.35079574584961,52428800
word_0038.nii.gz,2,2244305,4.280672073364258,52428800
word_0038.nii.gz,3,715791,1.3652629852294922,52428800
word_0038.nii.gz,4,1714,0.003269195556640625,52428800
word_0040.nii.gz,1,41146487,97.49154748383516,42205184
word_0040.nii.gz,2,902069,2.1373417066491167,42205184
word_0040.nii.gz,3,156435,0.3706535197192838,42205184
word_0040.nii.gz,4,193,0.0004572897964382764,42205184
word_0041.nii.gz,1,45417567,97.8837675967459,46399488
word_0041.nii.gz,2,844831,1.8207765568447651,46399488
word_0041.nii.gz,3,136641,0.2944881633176642,46399488
word_0041.nii.gz,4,449,0.0009676830916754943,46399488
word_0042.nii.gz,1,40400876,96.92900075852496,41680896
word_0042.nii.gz,2,1105242,2.651675242298054,41680896
word_0042.nii.gz,3,174585,0.4188609573076356,41680896
word_0042.nii.gz,4,193,0.00046304186934944966,41680896
word_0044.nii.gz,1,51285991,97.82026481628418,52428800
word_0044.nii.gz,2,1024295,1.9536876678466797,52428800
word_0044.nii.gz,3,118311,0.2256603240966797,52428800
word_0044.nii.gz,4,203,0.0003871917724609375,52428800
word_0046.nii.gz,1,46528197,97.52251970898975,47710208
word_0046.nii.gz,2,1038820,2.177353743668441,47710208
word_0046.nii.gz,3,143054,0.29983939705314216,47710208
word_0046.nii.gz,4,137,0.00028715028867616757,47710208
word_0047.nii.gz,1,51180096,97.6182861328125,52428800
word_0047.nii.gz,2,1145428,2.1847305297851562,52428800
word_0047.nii.gz,3,103274,0.19697952270507812,52428800
word_0047.nii.gz,4,2,3.814697265625e-06,52428800
word_0049.nii.gz,1,48789187,97.44292054500879,50069504
word_0049.nii.gz,2,1158743,2.3142689809749264,50069504
word_0049.nii.gz,3,121546,0.2427545517526996,50069504
word_0049.nii.gz,4,28,5.592226357984293e-05,50069504
word_0051.nii.gz,1,41489736,97.6980138708044,42467328
word_0051.nii.gz,2,863011,2.032176359200183,42467328
word_0051.nii.gz,3,114405,0.2693953337492766,42467328
word_0051.nii.gz,4,176,0.0004144362461419753,42467328
word_0053.nii.gz,1,85016808,98.27678333629261,86507520
word_0053.nii.gz,2,1295207,1.4972189700964726,86507520
word_0053.nii.gz,3,194822,0.22520816687381628,86507520
word_0053.nii.gz,4,683,0.0007895267370975379,86507520
word_0055.nii.gz,1,51361556,97.96439361572266,52428800
word_0055.nii.gz,2,957281,1.8258686065673828,52428800
word_0055.nii.gz,3,109820,0.20946502685546875,52428800
word_0055.nii.gz,4,143,0.0002727508544921875,52428800
word_0056.nii.gz,1,56941416,98.2869972470659,57933824
word_0056.nii.gz,2,881727,1.5219554642206943,57933824
word_0056.nii.gz,3,110641,0.1909782444190116,57933824
word_0056.nii.gz,4,40,6.904429440045249e-05,57933824
word_0058.nii.gz,1,50535241,97.85616530984791,51642368
word_0058.nii.gz,2,937290,1.8149632487805363,51642368
word_0058.nii.gz,3,169790,0.32878043082764913,51642368
word_0058.nii.gz,4,47,9.101054390069797e-05,51642368
word_0059.nii.gz,1,52981563,97.63701618581578,54263808
word_0059.nii.gz,2,1166855,2.15033747723713,54263808
word_0059.nii.gz,3,115315,0.21250812327804197,54263808
word_0059.nii.gz,4,75,0.00013821366904438406,54263808
word_0061.nii.gz,1,58102388,98.50800916883681,58982400
word_0061.nii.gz,2,805152,1.3650716145833333,58982400
word_0061.nii.gz,3,74853,0.1269073486328125,58982400
word_0061.nii.gz,4,7,1.1867947048611111e-05,58982400
word_0062.nii.gz,1,57212818,97.86976698802725,58458112
word_0062.nii.gz,2,1084202,1.8546647555090388,58458112
word_0062.nii.gz,3,161033,0.27546732949569086,58458112
word_0062.nii.gz,4,59,0.00010092696801429373,58458112
word_0063.nii.gz,1,42834941,97.8457079676097,43778048
word_0063.nii.gz,2,814143,1.8597060334896613,43778048
word_0063.nii.gz,3,128457,0.2934278842217908,43778048
word_0063.nii.gz,4,507,0.001158114678845434,43778048
word_0064.nii.gz,1,57208353,97.86212904036313,58458112
word_0064.nii.gz,2,1141886,1.9533405389486407,58458112
word_0064.nii.gz,3,107856,0.18450134003643498,58458112
word_0064.nii.gz,4,17,2.90806518007287e-05,58458112
word_0065.nii.gz,1,61372740,97.54934310913086,62914560
word_0065.nii.gz,2,1393378,2.214714686075846,62914560
word_0065.nii.gz,3,148380,0.23584365844726562,62914560
word_0065.nii.gz,4,62,9.854634602864583e-05,62914560
word_0067.nii.gz,1,53871168,97.39440628702607,55312384
word_0067.nii.gz,2,1273974,2.3032346607949497,55312384
word_0067.nii.gz,3,167186,0.3022578090288063,55312384
word_0067.nii.gz,4,56,0.00010124315017772512,55312384
word_0068.nii.gz,1,50833635,98.43397382552249,51642368
word_0068.nii.gz,2,713815,1.382227476478228,51642368
word_0068.nii.gz,3,94833,0.1836341044624445,51642368
word_0068.nii.gz,4,85,0.00016459353684168782,51642368
word_0070.nii.gz,1,45958952,96.86159587038156,47448064
word_0070.nii.gz,2,1296642,2.732760603256647,47448064
word_0070.nii.gz,3,192404,0.4055044269034876,47448064
word_0070.nii.gz,4,66,0.00013909945830455802,47448064
word_0071.nii.gz,1,51792566,97.80839599005067,52953088
word_0071.nii.gz,2,1011861,1.9108630643032565,52953088
word_0071.nii.gz,3,148606,0.28063708012646965,52953088
word_0071.nii.gz,4,55,0.00010386551960860149,52953088
word_0072.nii.gz,1,88686848,98.63366663629738,89915392
word_0072.nii.gz,2,1066429,1.1860360904615752,89915392
word_0072.nii.gz,3,161982,0.18014935640829993,89915392
word_0072.nii.gz,4,133,0.0001479168327487245,89915392
word_0073.nii.gz,1,54965660,97.07284856725622,56623104
word_0073.nii.gz,2,1540855,2.721247849641023,56623104
word_0073.nii.gz,3,116535,0.20580821567111546,56623104
word_0073.nii.gz,4,54,9.5367431640625e-05,56623104
word_0078.nii.gz,1,46609836,97.15978903848617,47972352
word_0078.nii.gz,2,1191435,2.483586795994493,47972352
word_0078.nii.gz,3,171039,0.356536615090292,47972352
word_0078.nii.gz,4,42,8.755042904713114e-05,47972352
word_0079.nii.gz,1,43785068,97.67647904959338,44826624
word_0079.nii.gz,2,928597,2.0715300799810397,44826624
word_0079.nii.gz,3,112718,0.2514532435010051,44826624
word_0079.nii.gz,4,241,0.0005376269245705409,44826624
word_0081.nii.gz,1,55066310,98.15948700236383,56098816
word_0081.nii.gz,2,902502,1.608771921318268,56098816
word_0081.nii.gz,3,129966,0.23167333870290596,56098816
word_0081.nii.gz,4,38,6.773761499707945e-05,56098816
word_0082.nii.gz,1,56528314,98.46502504392302,57409536
word_0082.nii.gz,2,790358,1.3767015988423945,57409536
word_0082.nii.gz,3,90832,0.1582176173658676,57409536
word_0082.nii.gz,4,32,5.5739868721461184e-05,57409536
word_0084.nii.gz,1,53958315,98.01649366106305,55050240
word_0084.nii.gz,2,983431,1.786424546014695,55050240
word_0084.nii.gz,3,108362,0.19684201195126488,55050240
word_0084.nii.gz,4,132,0.00023978097098214285,55050240
word_0086.nii.gz,1,47430485,97.27577496600408,48758784
word_0086.nii.gz,2,1159813,2.3786749891055528,48758784
word_0086.nii.gz,3,168412,0.34539827736475137,48758784
word_0086.nii.gz,4,74,0.00015176752562163977,48758784
word_0087.nii.gz,1,51776307,97.77769145399037,52953088
word_0087.nii.gz,2,1057672,1.99737548828125,52953088
word_0087.nii.gz,3,118283,0.22337318647025836,52953088
word_0087.nii.gz,4,826,0.001559871258121906,52953088
word_0089.nii.gz,1,43478967,96.42970728319744,45088768
word_0089.nii.gz,2,1450373,3.2167057658350746,45088768
word_0089.nii.gz,3,159419,0.3535669903422511,45088768
word_0089.nii.gz,4,9,1.996062522710756e-05,45088768
word_0090.nii.gz,1,45271737,97.56947533558991,46399488
word_0090.nii.gz,2,1004137,2.1641122419281866,46399488
word_0090.nii.gz,3,123344,0.2658305195091808,46399488
word_0090.nii.gz,4,270,0.0005819029727224576,46399488
word_0091.nii.gz,1,42718980,97.58082406963418,43778048
word_0091.nii.gz,2,921463,2.10485172842791,43778048
word_0091.nii.gz,3,137266,0.31354984123549773,43778048
word_0091.nii.gz,4,339,0.0007743607024232785,43778048
word_0093.nii.gz,1,46265039,98.04839875962999,47185920
word_0093.nii.gz,2,799871,1.6951476203070746,47185920
word_0093.nii.gz,3,120931,0.25628619723849827,47185920
word_0093.nii.gz,4,79,0.00016742282443576388,47185920
word_0094.nii.gz,1,44308686,97.70186319516573,45350912
word_0094.nii.gz,2,819685,1.807427819753658,45350912
word_0094.nii.gz,3,221490,0.4883915013660585,45350912
word_0094.nii.gz,4,1051,0.0023174837145502167,45350912
word_0095.nii.gz,1,40179170,96.39708800885663,41680896
word_0095.nii.gz,2,1323216,3.1746342497051887,41680896
word_0095.nii.gz,3,178146,0.42740443967423347,41680896
word_0095.nii.gz,4,364,0.0008733017639544025,41680896
word_0096.nii.gz,1,59641148,98.4904433741714,60555264
word_0096.nii.gz,2,846796,1.3983854483732414,60555264
word_0096.nii.gz,3,67314,0.1111612691507711,60555264
word_0096.nii.gz,4,6,9.908304586038961e-06,60555264
word_0100.nii.gz,1,42537341,97.16591520937617,43778048
word_0100.nii.gz,2,1114945,2.5468129597738116,43778048
word_0100.nii.gz,3,125729,0.2871964506046501,43778048
word_0100.nii.gz,4,33,7.538024536863772e-05,43778048
word_0101.nii.gz,1,42395142,96.84109716358299,43778048
word_0101.nii.gz,2,1238147,2.8282371109831117,43778048
word_0101.nii.gz,3,144705,0.3305423759414764,43778048
word_0101.nii.gz,4,54,0.0001233494924214072,43778048
word_0102.nii.gz,1,56839125,98.11043199910297,57933824
word_0102.nii.gz,2,912904,1.575770313383767,57933824
word_0102.nii.gz,3,181245,0.3128483284652503,57933824
word_0102.nii.gz,4,550,0.0009493590480062217,57933824
word_0104.nii.gz,1,49647090,98.12881785970896,50593792
word_0104.nii.gz,2,768575,1.5191093009988261,50593792
word_0104.nii.gz,3,177738,0.351303970257853,50593792
word_0104.nii.gz,4,389,0.0007688690343669041,50593792
word_0105.nii.gz,1,54720212,97.54254350038332,56098816
word_0105.nii.gz,2,1170731,2.086908572188048,56098816
word_0105.nii.gz,3,206798,0.36863166595173774,56098816
word_0105.nii.gz,4,1075,0.0019162614768910631,56098816
word_0106.nii.gz,1,53926965,98.42825164064837,54788096
word_0106.nii.gz,2,748134,1.3655046526895185,54788096
word_0106.nii.gz,3,112874,0.20601920533978768,54788096
word_0106.nii.gz,4,123,0.00022450132233104068,54788096
word_0107.nii.gz,1,46056746,97.60696834988065,47185920
word_0107.nii.gz,2,1007295,2.1347363789876304,47185920
word_0107.nii.gz,3,121513,0.25751961602105033,47185920
word_0107.nii.gz,4,366,0.0007756551106770834,47185920
word_0108.nii.gz,1,44522320,97.05095563616071,45875200
word_0108.nii.gz,2,1116992,2.434849330357143,45875200
word_0108.nii.gz,3,235731,0.5138528006417411,45875200
word_0108.nii.gz,4,157,0.0003422328404017857,45875200
word_0109.nii.gz,1,42863963,97.32919193449474,44040192
word_0109.nii.gz,2,992199,2.2529397691999162,44040192
word_0109.nii.gz,3,183688,0.41709173293340773,44040192
word_0109.nii.gz,4,342,0.0007765633719308036,44040192
word_0111.nii.gz,1,57260353,97.95108162234182,58458112
word_0111.nii.gz,2,1085792,1.8573846517656951,58458112
word_0111.nii.gz,3,111184,0.19019430528307174,58458112
word_0111.nii.gz,4,783,0.0013394206094100335,58458112
word_0113.nii.gz,1,67011442,98.3186017549955,68157440
word_0113.nii.gz,2,1046979,1.536118434025691,68157440
word_0113.nii.gz,3,98622,0.1446973360501803,68157440
word_0113.nii.gz,4,397,0.0005824749286358173,68157440
word_0114.nii.gz,1,50809635,96.91168785095215,52428800
word_0114.nii.gz,2,1428659,2.7249507904052734,52428800
word_0114.nii.gz,3,190023,0.3624401092529297,52428800
word_0114.nii.gz,4,483,0.0009212493896484375,52428800
word_0115.nii.gz,1,52617044,97.91126530344893,53739520
word_0115.nii.gz,2,1030520,1.9176204030106707,53739520
word_0115.nii.gz,3,91888,0.17098775724085366,53739520
word_0115.nii.gz,4,68,0.00012653629954268293,53739520
word_0116.nii.gz,1,40841292,97.9856383125737,41680896
word_0116.nii.gz,2,731534,1.7550822323973074,41680896
word_0116.nii.gz,3,107896,0.2588619975923742,41680896
word_0116.nii.gz,4,174,0.00041745743661556606,41680896
word_0117.nii.gz,1,51209928,97.18923995743937,52690944
word_0117.nii.gz,2,1290173,2.4485668732752255,52690944
word_0117.nii.gz,3,190751,0.36201856622648476,52690944
word_0117.nii.gz,4,92,0.00017460305892412936,52690944
word_0118.nii.gz,1,55706935,97.92861411099061,56885248
word_0118.nii.gz,2,1035005,1.819461172077513,56885248
word_0118.nii.gz,3,143236,0.2517981463313652,56885248
word_0118.nii.gz,4,72,0.0001265706005184332,56885248
word_0119.nii.gz,1,43881291,97.32200045918309,45088768
word_0119.nii.gz,2,1104075,2.4486696997354196,45088768
word_0119.nii.gz,3,103388,0.2292987912200218,45088768
word_0119.nii.gz,4,14,3.1049861464389536e-05,45088768
word_0121.nii.gz,1,52389826,97.96633626900467,53477376
word_0121.nii.gz,2,957788,1.7910153258080577,53477376
word_0121.nii.gz,3,129438,0.24204254150390625,53477376
word_0121.nii.gz,4,324,0.0006058636833639705,53477376
word_0122.nii.gz,1,51938846,98.08464050292969,52953088
word_0122.nii.gz,2,921186,1.7396265917485303,52953088
word_0122.nii.gz,3,93049,0.17571968607383198,52953088
word_0122.nii.gz,4,7,1.3219247950185643e-05,52953088
word_0123.nii.gz,1,55386239,97.36485459288144,56885248
word_0123.nii.gz,2,1361822,2.393980949155746,56885248
word_0123.nii.gz,3,137157,0.2411117202125936,56885248
word_0123.nii.gz,4,30,5.2737750216013824e-05,56885248
word_0125.nii.gz,1,45428919,97.90823338395458,46399488
word_0125.nii.gz,2,880419,1.8974756790419756,46399488
word_0125.nii.gz,3,90084,0.1941486940545551,46399488
word_0125.nii.gz,4,66,0.00014224294888771186,46399488
word_0126.nii.gz,1,57125840,97.28472573416573,58720256
word_0126.nii.gz,2,1390986,2.3688350405011858,58720256
word_0126.nii.gz,3,203385,0.3463625907897949,58720256
word_0126.nii.gz,4,45,7.663454328264509e-05,58720256
word_0127.nii.gz,1,52679481,97.55158841031269,54001664
word_0127.nii.gz,2,1141209,2.1132848795177868,54001664
word_0127.nii.gz,3,180533,0.33431006866751367,54001664
word_0127.nii.gz,4,441,0.0008166415020100121,54001664
word_0128.nii.gz,1,60467421,97.73936675766767,61865984
word_0128.nii.gz,2,1237056,1.9995737884004237,61865984
word_0128.nii.gz,3,161201,0.26056483640509137,61865984
word_0128.nii.gz,4,306,0.000494617526814089,61865984
word_0130.nii.gz,1,40422042,96.9797818165905,41680896
word_0130.nii.gz,2,1134023,2.7207260611672073,41680896
word_0130.nii.gz,3,124771,0.2993481714020735,41680896
word_0130.nii.gz,4,60,0.00014395084021226416,41680896
word_0132.nii.gz,1,42972648,97.5759778703962,44040192
word_0132.nii.gz,2,937718,2.1292323157900857,44040192
word_0132.nii.gz,3,129769,0.29466038658505395,44040192
word_0132.nii.gz,4,57,0.00012942722865513394,44040192
word_0133.nii.gz,1,58185048,98.21165641852184,59244544
word_0133.nii.gz,2,871176,1.4704746482646571,59244544
word_0133.nii.gz,3,188296,0.3178284231540376,59244544
word_0133.nii.gz,4,24,4.0510059457964604e-05,59244544
word_0134.nii.gz,1,52894808,98.42813631383385,53739520
word_0134.nii.gz,2,720755,1.3412010378953887,53739520
word_0134.nii.gz,3,123800,0.23037049828506098,53739520
word_0134.nii.gz,4,157,0.00029214998570884144,53739520
word_0135.nii.gz,1,58993376,97.8442913552989,60293120
word_0135.nii.gz,2,1196906,1.9851452371348506,60293120
word_0135.nii.gz,3,102790,0.17048379649286685,60293120
word_0135.nii.gz,4,48,7.961107336956522e-05,60293120
word_0136.nii.gz,1,55717703,97.49824278945223,57147392
word_0136.nii.gz,2,1262374,2.208979195411052,57147392
word_0136.nii.gz,3,166426,0.2912223885912414,57147392
word_0136.nii.gz,4,889,0.0015556265454773508,57147392
word_0138.nii.gz,1,56793404,97.15230625306545,58458112
word_0138.nii.gz,2,1504955,2.5744160194568035,58458112
word_0138.nii.gz,3,159664,0.27312548171244394,58458112
word_0138.nii.gz,4,89,0.0001522457653096973,58458112
word_0140.nii.gz,1,57349791,98.10407664209204,58458112
word_0140.nii.gz,2,948344,1.622262450077074,58458112
word_0140.nii.gz,3,156280,0.2673367213775224,58458112
word_0140.nii.gz,4,3697,0.006324186453370235,58458112
word_0142.nii.gz,1,50776014,96.84756088256836,52428800
word_0142.nii.gz,2,1502951,2.8666515350341797,52428800
word_0142.nii.gz,3,149771,0.28566551208496094,52428800
word_0142.nii.gz,4,64,0.0001220703125,52428800
word_0143.nii.gz,1,55098923,96.85977461151263,56885248
word_0143.nii.gz,2,1545785,2.7173741072553645,56885248
word_0143.nii.gz,3,240513,0.42280381725680444,56885248
word_0143.nii.gz,4,27,4.746397519441244e-05,56885248
word_0144.nii.gz,1,60928428,98.06899058667919,62128128
word_0144.nii.gz,2,1039510,1.6731712888564743,62128128
word_0144.nii.gz,3,160112,0.2577125774657173,62128128
word_0144.nii.gz,4,78,0.00012554699861550632,62128128
word_0145.nii.gz,1,57832726,97.61696536984064,59244544
word_0145.nii.gz,2,1150630,1.9421704047549087,59244544
word_0145.nii.gz,3,260937,0.44044055769928786,59244544
word_0145.nii.gz,4,251,0.00042366770516454646,59244544
word_0146.nii.gz,1,41182241,97.57626219565824,42205184
word_0146.nii.gz,2,927619,2.197879293690557,42205184
word_0146.nii.gz,3,95269,0.22572819490610443,42205184
word_0146.nii.gz,4,55,0.0001303157450989907,42205184
word_0147.nii.gz,1,51115055,97.49423027038574,52428800
word_0147.nii.gz,2,1120607,2.137388229370117,52428800
word_0147.nii.gz,3,193081,0.3682727813720703,52428800
word_0147.nii.gz,4,57,0.0001087188720703125,52428800
word_0148.nii.gz,1,62305160,98.21294358939178,63438848
word_0148.nii.gz,2,1016616,1.6025133369382747,63438848
word_0148.nii.gz,3,117021,0.18446268128954674,63438848
word_0148.nii.gz,4,51,8.039238039127066e-05,63438848
word_0150.nii.gz,1,59019224,97.88716191830842,60293120
word_0150.nii.gz,2,1147505,1.903210515561311,60293120
word_0150.nii.gz,3,126203,0.20931575609290082,60293120
word_0150.nii.gz,4,188,0.00031181003736413044,60293120
